epoch,time,train/box_loss,train/cls_loss,train/dfl_loss,metrics/precision(B),metrics/recall(B),metrics/mAP50(B),metrics/mAP50-95(B),val/box_loss,val/cls_loss,val/dfl_loss,lr/pg0,lr/pg1,lr/pg2
1,33.0561,2.44707,1.95225,2.1543,0.40625,0.17069,0.06755,0.02691,2.61438,5.30634,2.48017,0.131625,0.000248311,0.000248311
2,58.6499,2.34016,1.48025,2.11479,0.22614,0.18381,0.12995,0.06293,2.68986,2.91103,2.57887,0.113125,0.000498226,0.000498226
3,82.3196,2.37051,1.36598,2.15294,0.43813,0.32083,0.31267,0.16092,2.20956,1.75838,2.03396,0.0946245,0.000747801,0.000747801
4,104.732,2.33037,1.2914,2.11807,0.38626,0.33393,0.28883,0.1425,2.29738,1.26094,2.02565,0.0761235,0.00099678,0.00099678
5,127.031,2.32671,1.25789,2.10015,0.52601,0.30898,0.341,0.18893,2.08853,1.1311,1.91693,0.0576216,0.00124491,0.00124491
